topic_id,num_posts,mean_sentiment,median_sentiment,sentiment_std,mean_engagement,topic_label,topic_keywords,topic_severity
44,6,0.3682561640938123,0.25150416791439056,0.46426999315322454,1.0,"44: moderator, mods, mod, complaints, sub, reddithelp, feedback, posting, subreddit, rules","moderator, mods, mod, complaints, sub, reddithelp, feedback, posting, subreddit, rules",0.6235118859592589
43,6,0.10317407020678122,0.10403446108102798,0.07746022773995988,1.0,"43: stations, trackage, lexington, tracks, map, suburban, junction, east, st, waltham","stations, trackage, lexington, tracks, map, suburban, junction, east, st, waltham",0.1746888860775055
37,8,0.08200216107070446,0.04518476873636246,0.47330213543930816,1.0,"37: night, overnight, evening, 10pm, midnight, weekend, uber, late, service, around","night, overnight, evening, 10pm, midnight, weekend, uber, late, service, around",0.13884172781668577
36,8,0.039765490218997,-0.20125002413988113,0.5518101510614943,1.0,"36: downtown, buses, stations, elevator, shuttle, maps, grove, passengers, north, lines","downtown, buses, stations, elevator, shuttle, maps, grove, passengers, north, lines",0.06732882764787886
25,12,0.030436964084704716,-0.023743167519569397,0.3388050349639706,1.0,"25: infrastructure, stations, metrolink, platforms, corridor, planning, track, concrete, tunnel, electrification","infrastructure, stations, metrolink, platforms, corridor, planning, track, concrete, tunnel, electrification",0.05153425992482211
35,8,0.006446583196520805,-0.02479541301727295,0.39617732678367557,1.0,"35: stadium, foxboro, ubering, gillette, attend, schedule, parking, concert, saturday, go","stadium, foxboro, ubering, gillette, attend, schedule, parking, concert, saturday, go",0.010915014163434322
23,13,-0.0342636237350794,0.030999794602394104,0.49625949123640045,1.0,"23: busway, buses, lanes, traffic, corridor, lane, redevelopment, street, somerville, lynnway","busway, buses, lanes, traffic, corridor, lane, redevelopment, street, somerville, lynnway",-0.05801335792281651
21,13,-0.058078798823631726,0.08416829258203506,0.5655250988268462,1.0,"21: eng, gm, managers, riders, leadership, manager, agency, baker, general, appointees","eng, gm, managers, riders, leadership, manager, agency, baker, general, appointees",-0.09833595447854034
19,14,-0.06279004418424197,0.0025616101920604706,0.5996042188112027,1.0,"19: transportation, travel, moving, nyc, la, city, railway, staying, dc, optimistic","transportation, travel, moving, nyc, la, city, railway, staying, dc, optimistic",-0.10631278627778369
12,17,-0.069843855303,-0.039037879556417465,0.39854550485632473,1.0,"12: fares, commute, fare, trip, littleton, waltham, cost, shuttle, cheaper, prices","fares, commute, fare, trip, littleton, waltham, cost, shuttle, cheaper, prices",-0.11825592668571124
20,14,-0.10053048562258482,-0.037739336490631104,0.4535686603077576,1.0,"20: shuttle, trainsets, schedule, weekday, june, lines, branch, april, speed, spring","shuttle, trainsets, schedule, weekday, june, lines, branch, april, speed, spring",-0.17021290829220162
26,10,-0.18567339964210988,-0.263323649764061,0.30500623594966364,1.0,"26: cape, coast, middleboro, provincetown, berths, south, cost, lakeville, concord, expansion","cape, coast, middleboro, provincetown, berths, south, cost, lakeville, concord, expansion",-0.3143723931090183
49,5,-0.19871051460504532,0.059793561697006226,0.47702829024534865,1.0,"49: infrastructure, sewage, cleanup, sewer, harbor, stormwater, plan, river, watershed, progress","infrastructure, sewage, cleanup, sewer, harbor, stormwater, plan, river, watershed, progress",-0.3364461475511483
6,21,-0.23620343208312988,-0.5708380341529846,0.7130935163669228,1.0,"6: traintracker, track, cars, rl, car, crrc, seats, fleet, retrospective, issues","traintracker, track, cars, rl, car, crrc, seats, fleet, retrospective, issues",-0.3999271750701339
8,20,-0.2566808355972171,-0.15085259079933167,0.37573521659803205,1.0,"8: amtrak, schedules, schedule, delays, providence, weekends, track, readville, park, go","amtrak, schedules, schedule, delays, providence, weekends, track, readville, park, go",-0.434598433095199
31,9,-0.26482577125231427,-0.2529914081096649,0.42869376794438563,1.0,"31: bbb, safety, railroad, concerns, safe, bostonglobe, overhead, officials, reports, hour","bbb, safety, railroad, concerns, safe, bostonglobe, overhead, officials, reports, hour",-0.44838900793546893
22,13,-0.27645033540634006,-0.06885462254285812,0.43233177791807265,1.0,"22: infrastructure, partnership, contract, stations, future, procure, rfp, feasibility, mn, next","infrastructure, partnership, contract, stations, future, procure, rfp, feasibility, mn, next",-0.4680711059580959
47,6,-0.3283030663927396,-0.3696306645870209,0.498174893343942,1.0,"47: delay, schedule, track, passengers, commuters, arriving, standby, minutes, express, signage","delay, schedule, track, passengers, commuters, arriving, standby, minutes, express, signage",-0.5558654112320516
2,32,-0.3326507422607392,-0.3229111284017563,0.3093420295614027,1.0,"2: fiscal, transportation, funding, budget, massachusetts, financial, deficit, fares, fund, revenue","fiscal, transportation, funding, budget, massachusetts, financial, deficit, fares, fund, revenue",-0.5632266663699437
46,6,-0.34854704203704995,-0.345380075275898,0.3430222512413419,1.0,"46: parking, mbta_parking, _parking, park, garage, garages, weekday, friday, trip, portland","parking, mbta_parking, _parking, park, garage, garages, weekday, friday, trip, portland",-0.5901414415175399
-1,400,-0.38154694844037296,-0.5213015377521515,0.49885705475075837,1.0,-1: Outlier,Outlier,-0.6460151400030684
40,7,-0.38540382044655935,-0.5412169694900513,0.4626264255358332,1.0,"40: braintree, speeds, traveling, branch, journey, mph, immediately, 6am, redline, around","braintree, speeds, traveling, branch, journey, mph, immediately, 6am, redline, around",-0.6525453919661234
14,16,-0.38545236364006996,-0.22536121308803558,0.37058520458321165,1.0,"14: top_5_best_and_worst_bus_routes, top_5_best_and_worst_bus_routes_you_ever_rode, best_and_worst_commuter_rail_line, worst_overall_commuter_rail_line, routes, busiest, worst, areas, stations, area","top_5_best_and_worst_bus_routes, top_5_best_and_worst_bus_routes_you_ever_rode, best_and_worst_commuter_rail_line, worst_overall_commuter_rail_line, routes, busiest, worst, areas, stations, area",-0.6526275827373512
29,9,-0.4018396826253997,-0.7915996313095093,0.665548631685307,1.0,"29: as_messy_as_a_orange_line_shutdown_isa_red_line, shutdown, shutting, complaints, down, alewife, delay, service, shut, today","as_messy_as_a_orange_line_shutdown_isa_red_line, shutdown, shutting, complaints, down, alewife, delay, service, shut, today",-0.6803737256742988
33,9,-0.41344036327468026,-0.4607110619544983,0.36778232694685337,1.0,"33: fares, fare, evaders, evade, enforce, paying, pay, enforcement, afford, evasion","fares, fare, evaders, evade, enforce, paying, pay, enforcement, afford, evasion",-0.7000153854082045
24,12,-0.44787558416525525,-0.48845964670181274,0.43264667068982565,1.0,"24: bostonglobe, jfk, trashing, incidents, ground, trash, south, crime, parades, rusted","bostonglobe, jfk, trashing, incidents, ground, trash, south, crime, parades, rusted",-0.7583192825710404
48,6,-0.44789451360702515,-0.4227689653635025,0.33307176952676437,1.0,"48: seating, seats, seat, seaters, sit, entitlement, standing, stand, arriving, bags","seating, seats, seat, seaters, sit, entitlement, standing, stand, arriving, bags",-0.7583513329020027
9,20,-0.46453975047916174,-0.5572770833969116,0.31517513102995287,1.0,"9: outage, delays, surge, signal, signals, overhead, shutdown, channel, wire, wires","outage, delays, surge, signal, signals, overhead, shutdown, channel, wire, wires",-0.7865341687818133
41,7,-0.466734562601362,-0.4856780171394348,0.26315693924607564,1.0,"41: headways, headway, swaying, slow, sway, causing, hills, dispatchers, forest, schedule","headways, headway, swaying, slow, sway, causing, hills, dispatchers, forest, schedule",-0.7902503087383753
45,6,-0.48778677980105084,-0.5023360252380371,0.32259349865931863,1.0,"45: i_get_why_they_want_people_at_north_station_to, ticket, scan, scanning, tickets, forded, arrive, pointless, north, deactivate","i_get_why_they_want_people_at_north_station_to, ticket, scan, scanning, tickets, forded, arrive, pointless, north, deactivate",-0.8258948109345642
30,9,-0.4883676850133472,-0.5652755498886108,0.3332498896918887,1.0,"30: lost, finding, backpack, northbound, locations, replaced, saw, bag, library, wallet","lost, finding, backpack, northbound, locations, replaced, saw, bag, library, wallet",-0.8268783689569363
1,63,-0.4974731525021886,-0.598681628704071,0.34677433075463787,1.0,"1: card, charliecard, payment, cards, bank, debit, transaction, pay, ticket, credit","card, charliecard, payment, cards, bank, debit, transaction, pay, ticket, credit",-0.8422952655633483
27,9,-0.5180382281541824,-0.5724800229072571,0.41530166272177815,1.0,"27: buses, parking, parked, driving, sidewalk, lanes, vehicles, driver, drive, stops","buses, parking, parked, driving, sidewalk, lanes, vehicles, driver, drive, stops",-0.8771149654215237
51,5,-0.5181076258420945,-0.6527818441390991,0.40162227142478474,1.0,"51: police, robbery, ipswich, lyft, consuladating, hope, hours, minute, at, just","police, robbery, ipswich, lyft, consuladating, hope, hours, minute, at, just",-0.8772324659211493
11,18,-0.5215196684002876,-0.559919536113739,0.235029762738276,1.0,"11: passengers, doors, door, conductor, conductors, boarding, opening, people, waiting, cars","passengers, doors, door, conductor, conductors, boarding, opening, people, waiting, cars",-0.8830095561585046
10,19,-0.531685548001214,-0.7158136963844299,0.31596966708311763,1.0,"10: assaulted, harassing, passenger, situation, police, violence, unsafe, elevator, yelling, what","assaulted, harassing, passenger, situation, police, violence, unsafe, elevator, yelling, what",-0.9002218865427251
13,17,-0.564555340391748,-0.6469687223434448,0.30657856341166406,1.0,"13: buses, shuttles, shuttle, express, boarding, traffic, crowded, shutdowns, departure, roads","buses, shuttles, shuttle, express, boarding, traffic, crowded, shutdowns, departure, roads",-0.9558752828543484
5,24,-0.5755476040455202,-0.6599856615066528,0.2849600469700824,1.0,"5: buses, traffic, schedule, stops, hour, minutes, outbound, lynn, minute, time","buses, traffic, schedule, stops, hour, minutes, outbound, lynn, minute, time",-0.9744868030677043
0,66,-0.5770006223835729,-0.679926335811615,0.33093985605206605,1.0,"0: delays, somerville, stations, passengers, street, glx, medford, track, park, fenway","delays, somerville, stations, passengers, street, glx, medford, track, park, fenway",-0.9769469769700801
4,25,-0.5785222715139389,-0.7791883945465088,0.5030167698123486,1.0,"4: tracks, disruption, safety, delays, forest, speed, mph, hills, flats, horrible","tracks, disruption, safety, delays, forest, speed, mph, hills, flats, horrible",-0.9795233529049608
52,5,-0.5844603426754474,-0.7326918244361877,0.3608896483546163,1.0,"52: trolley, track, frustrations, infrastructure, service, annoyed, issues, complaining, governors, support","trolley, track, frustrations, infrastructure, service, annoyed, issues, complaining, governors, support",-0.9895773813500334
38,8,-0.5908576771616936,-0.5746627449989319,0.17889060093292583,1.0,"38: signal, signals, delays, dispatching, causes, arriving, faulting, malfunction, slowzone, waiting","signal, signals, delays, dispatching, causes, arriving, faulting, malfunction, slowzone, waiting",-1.00040901019852
16,15,-0.620299204190572,-0.7708063721656799,0.3593953210927105,1.0,"16: mbtaslowzonebot, complaint, service, opinion, frustrated, care, hype, commonwealthmagazine, what, petition","mbtaslowzonebot, complaint, service, opinion, frustrated, care, hype, commonwealthmagazine, what, petition",-1.050257848678845
42,7,-0.6226061965738025,-0.681318461894989,0.25594365431271265,1.0,"42: shortage, shortages, deliveries, equipment, delayed, availability, crew, delivery, due, updates","shortage, shortages, deliveries, equipment, delayed, availability, crew, delivery, due, updates",-1.0541639263280849
3,26,-0.6321454265942941,-0.7840071320533752,0.3254573803820348,1.0,"3: delays, delayed, 5pm, 5am, schedule, 50am, hour, worcester, hours, early","delays, delayed, 5pm, 5am, schedule, 50am, hour, worcester, hours, early",-1.070315246741993
7,21,-0.6326794964926583,-0.6741140484809875,0.2626000271905665,1.0,"7: redline, delays, delay, delayed, signal, signals, redd, 10mins, 15min, commute","redline, delays, delay, delayed, signal, signals, redd, 10mins, 15min, commute",-1.0712195056846303
28,9,-0.6330255601141188,-0.6757211685180664,0.29579558084107194,1.0,"28: mbra, track, tracks, signal, signals, disruption, subways, infrastructure, go_ahead_shut_down_the_orange_line_and_13_of_the, tolls","mbra, track, tracks, signal, signals, disruption, subways, infrastructure, go_ahead_shut_down_the_orange_line_and_13_of_the, tolls",-1.0718054423296004
18,14,-0.6611719408205577,-0.673482745885849,0.1975619020675825,1.0,"18: escalator, escalators, stairs, elevators, elevator, porter, steps, quincy, keyswitch, crooked","escalator, escalators, stairs, elevators, elevator, porter, steps, quincy, keyswitch, crooked",-1.1194614074656744
34,8,-0.6649014260619879,-0.7249147891998291,0.24843404250467643,1.0,"34: newburyport, delays, delay, drawbridge, stalled, rockport, tracks, bridge, outbound, 48am","newburyport, delays, delay, drawbridge, stalled, rockport, tracks, bridge, outbound, 48am",-1.1257759748871419
17,14,-0.6698857833232198,-0.7906720638275146,0.32702812546325105,1.0,"17: noise, passengers, yelling, beeping, squealing, ears, annoying, drivers, driver, talking","noise, passengers, yelling, beeping, squealing, ears, annoying, drivers, driver, talking",-1.1342152253309001
32,9,-0.6859547338551946,-0.7718632221221924,0.30733990977331943,1.0,"32: bussing, shortage, moving, staffing, crew, abandon, broke, broken, staff, rescue","bussing, shortage, moving, staffing, crew, abandon, broke, broken, staff, rescue",-1.1614223236186705
50,5,-0.70334894657135,-0.7221683263778687,0.25100886965249947,1.0,"50: emergency, 911, annoy, situation, elevator, rescue, calling, people, phone, screwing","emergency, 911, annoy, situation, elevator, rescue, calling, people, phone, screwing",-1.190873285837089
15,15,-0.709931472937266,-0.7419444918632507,0.18106261057965492,1.0,"15: fitchburg, delays, delayed, freight, track, lincoln, late, belmont, wednesdays, schedule","fitchburg, delays, delayed, freight, track, lincoln, late, belmont, wednesdays, schedule",-1.202018471794501
39,7,-0.8027047429765973,-0.8859632015228271,0.18606226363953737,1.0,"39: odor, smelling, fumes, smell, ventilation, smelled, smells, environmental, smoke, nostrils","odor, smelling, fumes, smell, ventilation, smelled, smells, environmental, smoke, nostrils",-1.3590972723929213
